code,name,archive_tag,ticker,hsi_from_archive,hscei_from_list,label,correct_label
1,CKH HOLDINGS,HSI,0001.HK,Y,N,HSI,
2,CLP HOLDINGS,HSI,0002.HK,Y,N,HSI,
3,HK & CHINA GAS,HSI,0003.HK,Y,N,HSI,
4,WHARF HOLDINGS,N/A,0004.HK,N,N,N/A,
5,HSBC HOLDINGS,HSI,0005.HK,Y,N,HSI,
6,POWER ASSETS,HSI,0006.HK,Y,N,HSI,
8,PCCW,N/A,0008.HK,N,N,N/A,
12,HENDERSON LAND,HSI,0012.HK,Y,N,HSI,
13,HUTCHMED,N/A,0013.HK,N,N,N/A,
14,HYSAN DEV,N/A,0014.HK,N,N,N/A,
16,SHK PPT,HSI,0016.HK,Y,N,HSI,
17,NEW WORLD DEV,N/A,0017.HK,N,N,N/A,
19,SWIRE PACIFIC A,N/A,0019.HK,N,N,N/A,
20,SENSETIME-W,N/A,0020.HK,N,N,N/A,
27,GALAXY ENT,HSI,0027.HK,Y,N,HSI,
31,CHINA AEROSPACE,N/A,0031.HK,N,N,N/A,
38,FIRST TRACTOR,N/A,0038.HK,N,N,N/A,
66,MTR CORPORATION,HSI,0066.HK,Y,N,HSI,
68,MANYCORE TECH,N/A,0068.HK,N,N,N/A,
81,CH OVS G OCEANS,N/A,0081.HK,N,N,N/A,
83,SINO LAND,N/A,0083.HK,N,N,N/A,
100,MINIMAX-W,N/A,0100.HK,N,N,N/A,
101,HANG LUNG PPT,HSI,0101.HK,Y,N,HSI,
107,SICHUAN EXPRESS,N/A,0107.HK,N,N,N/A,
108,GR LIFE STYLE,N/A,0108.HK,N,N,N/A,
116,CHOW SANG SANG,N/A,0116.HK,N,N,N/A,
117,TIANLI HOLDINGS,N/A,0117.HK,N,N,N/A,
119,POLY PROPERTY,N/A,0119.HK,N,N,N/A,
123,YUEXIU PROPERTY,N/A,0123.HK,N,N,N/A,
133,CHINA MERCHANTS,N/A,0133.HK,N,N,N/A,
135,KUNLUN ENERGY,N/A,0135.HK,N,N,N/A,
136,CHINA RUYI,N/A,0136.HK,N,N,N/A,
142,FIRST PACIFIC,N/A,0142.HK,N,N,N/A,
144,CHINA MER PORT,N/A,0144.HK,N,N,N/A,
148,KINGBOARD HLDG,N/A,0148.HK,N,N,N/A,
152,SHENZHEN INT'L,N/A,0152.HK,N,N,N/A,
165,CHINA EB LTD,N/A,0165.HK,N,N,N/A,
168,TSINGTAO BREW,N/A,0168.HK,N,N,N/A,
175,GEELY AUTO,HSI,0175.HK,Y,Y,BOTH,
177,JIANGSU EXPRESS,N/A,0177.HK,N,N,N/A,
179,JOHNSON ELEC H,N/A,0179.HK,N,N,N/A,
182,CONCORD NE,N/A,0182.HK,N,N,N/A,
187,JINGCHENG MAC,N/A,0187.HK,N,N,N/A,
189,DONGYUE GROUP,N/A,0189.HK,N,N,N/A,
200,MELCO INT'L DEV,N/A,0200.HK,N,N,N/A,
220,U-PRESID CHINA,N/A,0220.HK,N,N,N/A,
241,ALI HEALTH,HSI,0241.HK,Y,N,HSI,
257,EB ENVIRONMENT,N/A,0257.HK,N,N,N/A,
259,YEEBO (INT'L H),N/A,0259.HK,N,N,N/A,
267,CITIC,HSI,0267.HK,Y,Y,BOTH,
268,KINGDEE INT'L,N/A,0268.HK,N,N,N/A,
270,GUANGDONG INV,N/A,0270.HK,N,N,N/A,
285,BYD ELECTRONIC,HSI,0285.HK,Y,N,HSI,
288,WH GROUP,HSI,0288.HK,Y,N,HSI,
290,GOFINTECH QUANT,N/A,0290.HK,N,N,N/A,
291,CHINA RES BEER,HSI,0291.HK,Y,Y,BOTH,
293,CATHAY PAC AIR,N/A,0293.HK,N,N,N/A,
297,SINOFERT,N/A,0297.HK,N,N,N/A,
300,MIDEA GROUP,HSI,0300.HK,Y,N,HSI,
303,VTECH HOLDINGS,N/A,0303.HK,N,N,N/A,
316,OOIL,HSI,0316.HK,Y,N,HSI,
317,COMEC,N/A,0317.HK,N,N,N/A,
322,TINGYI,HSI,0322.HK,Y,N,HSI,
323,MAANSHAN IRON,N/A,0323.HK,N,N,N/A,
325,BLOKS,N/A,0325.HK,N,N,N/A,
326,CN STAR ENT-2K,N/A,0326.HK,N,N,N/A,
336,HUABAO INTL,N/A,0336.HK,N,N,N/A,
338,SHANGHAI PECHEM,N/A,0338.HK,N,N,N/A,
340,TONGGUAN GOLD,N/A,0340.HK,N,N,N/A,
354,CHINASOFT INT'L,N/A,0354.HK,N,N,N/A,
358,JIANGXI COPPER,N/A,0358.HK,N,N,N/A,
363,SHANGHAI IND H,N/A,0363.HK,N,N,N/A,
365,SINO ICT,N/A,0365.HK,N,N,N/A,
371,BJ ENT WATER,N/A,0371.HK,N,N,N/A,
376,YUNFENG FIN,N/A,0376.HK,N,N,N/A,
384,CHINA GAS HOLD,N/A,0384.HK,N,N,N/A,
386,SINOPEC CORP,HSI,0386.HK,Y,Y,BOTH,
388,HKEX,HSI,0388.HK,Y,N,HSI,
390,CHINA RAILWAY,N/A,0390.HK,N,N,N/A,
392,BEIJING ENT,N/A,0392.HK,N,N,N/A,
400,INGDAN,N/A,0400.HK,N,N,N/A,
425,MINTH GROUP,N/A,0425.HK,N,N,N/A,
460,SIHUAN PHARM,N/A,0460.HK,N,N,N/A,
465,FUTONG TECH,N/A,0465.HK,N,N,N/A,
467,UNITEDENERGY GP,N/A,0467.HK,N,N,N/A,
470,WUXI LEAD,N/A,0470.HK,N,N,N/A,
501,OMNIVISION,N/A,0501.HK,N,N,N/A,
506,CHINA FOODS,N/A,0506.HK,N,N,N/A,
512,GRAND PHARMA,N/A,0512.HK,N,N,N/A,
522,ASMPT,N/A,0522.HK,N,N,N/A,
525,GUANGSHEN RAIL,N/A,0525.HK,N,N,N/A,
546,FUFENG GROUP,N/A,0546.HK,N,N,N/A,
551,YUE YUEN IND,N/A,0551.HK,N,N,N/A,
552,CHINACOMSERVICE,N/A,0552.HK,N,N,N/A,
553,NANJING PANDA,N/A,0553.HK,N,N,N/A,
558,LK TECH,N/A,0558.HK,N,N,N/A,
564,ZCZL,N/A,0564.HK,N,N,N/A,
565,ART GROUP HOLD,N/A,0565.HK,N,N,N/A,
568,SHANDONG MOLONG,N/A,0568.HK,N,N,N/A,
570,TRAD CHI MED,N/A,0570.HK,N,N,N/A,
576,ZHEJIANGEXPRESS,N/A,0576.HK,N,N,N/A,
580,SUN.KING TECH,N/A,0580.HK,N,N,N/A,
581,CHINA ORIENTAL,N/A,0581.HK,N,N,N/A,
586,CONCH VENTURE,N/A,0586.HK,N,N,N/A,
588,BEIJING N STAR,N/A,0588.HK,N,N,N/A,
590,LUK FOOK HOLD,N/A,0590.HK,N,N,N/A,
595,AV CONCEPT HOLD,N/A,0595.HK,N,N,N/A,
596,INSPUR DIGI ENT,N/A,0596.HK,N,N,N/A,
598,SINOTRANS,N/A,0598.HK,N,N,N/A,
600,AXERA,N/A,0600.HK,N,N,N/A,
622,OSHIDORI,N/A,0622.HK,N,N,N/A,
628,TONGTONG AI SOC,N/A,0628.HK,N,N,N/A,
631,SANY INT'L,N/A,0631.HK,N,N,N/A,
638,FIBOCOM,N/A,0638.HK,N,N,N/A,
639,SHOUGANG RES,N/A,0639.HK,N,N,N/A,
650,PRODUCTIVE TECH,N/A,0650.HK,N,N,N/A,
656,FOSUN INTL,N/A,0656.HK,N,N,N/A,
659,CTF SERVICES,N/A,0659.HK,N,N,N/A,
666,REPT BATTERO,N/A,0666.HK,N,N,N/A,
667,CHINA EAST EDU,N/A,0667.HK,N,N,N/A,
669,TECHTRONIC IND,HSI,0669.HK,Y,N,HSI,
670,CHINA EAST AIR,N/A,0670.HK,N,N,N/A,
679,ASIA TELE-NET,N/A,0679.HK,N,N,N/A,
683,KERRY PPT,N/A,0683.HK,N,N,N/A,
688,CHINA OVERSEAS,HSI,0688.HK,Y,Y,BOTH,
695,DONGWU CEMENT,N/A,0695.HK,N,N,N/A,
696,TRAVELSKY TECH,N/A,0696.HK,N,N,N/A,
697,SHOUCHENG,N/A,0697.HK,N,N,N/A,
699,JOYSON ELEC,N/A,0699.HK,N,N,N/A,
700,TENCENT,HSI,0700.HK,Y,Y,BOTH,
719,SHANDONG XINHUA,N/A,0719.HK,N,N,N/A,
728,CHINA TELECOM,HSI,0728.HK,Y,N,HSI,
731,C&D NEWIN,N/A,0731.HK,N,N,N/A,
753,AIR CHINA,N/A,0753.HK,N,N,N/A,
762,CHINA UNICOM,HSI,0762.HK,Y,Y,BOTH,
763,ZTE,N/A,0763.HK,N,N,N/A,
772,CHINA LIT,N/A,0772.HK,N,N,N/A,
780,TONGCHENGTRAVEL,N/A,0780.HK,N,N,N/A,
788,CHINA TOWER,N/A,0788.HK,N,N,N/A,
800,WERIDE-W,N/A,0800.HK,N,N,N/A,
811,XINHUA WINSHARE,N/A,0811.HK,N,N,N/A,
813,SHIMAO GROUP,N/A,0813.HK,N,N,N/A,
817,CHINA JINMAO,N/A,0817.HK,N,N,N/A,
819,TIANNENG POWER,N/A,0819.HK,N,N,N/A,
826,TIANGONG INT'L,N/A,0826.HK,N,N,N/A,
836,CHINA RES POWER,HSI,0836.HK,Y,N,HSI,
839,CHINA EDU GROUP,N/A,0839.HK,N,N,N/A,
853,MICROPORT,N/A,0853.HK,N,N,N/A,
856,VSTECS,N/A,0856.HK,N,N,N/A,
857,PETROCHINA,HSI,0857.HK,Y,Y,BOTH,
861,DC HOLDINGS,N/A,0861.HK,N,N,N/A,
863,OSL GROUP,N/A,0863.HK,N,N,N/A,
866,CHINA QINFA,N/A,0866.HK,N,N,N/A,
867,CMS,N/A,0867.HK,N,N,N/A,
868,XINYI GLASS,HSI,0868.HK,Y,N,HSI,
874,BAIYUNSHAN PH,N/A,0874.HK,N,N,N/A,
880,SJM HOLDINGS,N/A,0880.HK,N,N,N/A,
881,ZHONGSHENG HLDG,N/A,0881.HK,N,N,N/A,
883,CNOOC,HSI,0883.HK,Y,Y,BOTH,
884,CIFI HOLD GP,N/A,0884.HK,N,N,N/A,
902,HUANENG POWER,N/A,0902.HK,N,N,N/A,
909,MING YUAN CLOUD,N/A,0909.HK,N,N,N/A,
914,CONCH CEMENT,N/A,0914.HK,N,N,N/A,
916,CHINA LONGYUAN,N/A,0916.HK,N,N,N/A,
917,QUNABOX GROUP,N/A,0917.HK,N,N,N/A,
918,MAJESTIC DRAGON,N/A,0918.HK,N,N,N/A,
921,HISENSE HA,N/A,0921.HK,N,N,N/A,
939,CCB,HSI,0939.HK,Y,Y,BOTH,
941,CHINA MOBILE,HSI,0941.HK,Y,Y,BOTH,
951,CHAOWEI POWER,N/A,0951.HK,N,N,N/A,
956,CHINA SUNTIEN,N/A,0956.HK,N,N,N/A,
960,LONGFOR GROUP,HSI,0960.HK,Y,N,HSI,
966,CHINA TAIPING,N/A,0966.HK,N,N,N/A,
968,XINYI SOLAR,N/A,0968.HK,N,N,N/A,
975,MONGOL MINING,N/A,0975.HK,N,N,N/A,
981,SMIC,HSI,0981.HK,Y,Y,BOTH,
990,DEEP SOURCE,N/A,0990.HK,N,N,N/A,
991,DATANG POWER,N/A,0991.HK,N,N,N/A,
992,LENOVO GROUP,N/A,0992.HK,N,Y,HSCEI,
995,ANHUIEXPRESSWAY,N/A,0995.HK,N,N,N/A,
998,CITIC BANK,N/A,0998.HK,N,N,N/A,
999,XIAOCAIYUAN,N/A,0999.HK,N,N,N/A,
1021,HUAYAN ROBOTICS,N/A,1021.HK,N,N,N/A,
1024,KUAISHOU-W,HSI,1024.HK,Y,Y,BOTH,
1030,SEAZEN,N/A,1030.HK,N,N,N/A,
1033,SINOPEC SSC,N/A,1033.HK,N,N,N/A,
1038,CKI HOLDINGS,N/A,1038.HK,N,N,N/A,
1044,HENGAN INT'L,N/A,1044.HK,N,N,N/A,
1045,APT SATELLITE,N/A,1045.HK,N,N,N/A,
1050,KARRIE INT'L,N/A,1050.HK,N,N,N/A,
1055,CHINA SOUTH AIR,N/A,1055.HK,N,N,N/A,
1057,ZHEJIANG SHIBAO,N/A,1057.HK,N,N,N/A,
1060,DAMAI ENT,N/A,1060.HK,N,N,N/A,
1066,WEIGAO GROUP,N/A,1066.HK,N,N,N/A,
1070,TCL ELECTRONICS,N/A,1070.HK,N,N,N/A,
1071,HUADIAN POWER,N/A,1071.HK,N,N,N/A,
1072,DONGFANG ELEC,N/A,1072.HK,N,N,N/A,
1088,CHINA SHENHUA,HSI,1088.HK,Y,Y,BOTH,
1093,CSPC PHARMA,HSI,1093.HK,Y,Y,BOTH,
1099,SINOPHARM,N/A,1099.HK,N,N,N/A,
1104,APAC RESOURCES,N/A,1104.HK,N,N,N/A,
1109,CHINA RES LAND,HSI,1109.HK,Y,Y,BOTH,
1112,H&H INTL HLDG,N/A,1112.HK,N,N,N/A,
1113,CK ASSET,HSI,1113.HK,Y,N,HSI,
1114,BRILLIANCE CHI,N/A,1114.HK,N,N,N/A,
1115,5100 XIZANG,N/A,1115.HK,N,N,N/A,
1117,CH MODERN D,N/A,1117.HK,N,N,N/A,
1128,WYNN MACAU,N/A,1128.HK,N,N,N/A,
1133,HARBIN ELECTRIC,N/A,1133.HK,N,N,N/A,
1138,COSCO SHIP ENGY,N/A,1138.HK,N,N,N/A,
1141,CMBC CAPITAL,N/A,1141.HK,N,N,N/A,
1142,E&P GLOBAL,N/A,1142.HK,N,N,N/A,
1157,ZOOMLION,N/A,1157.HK,N,N,N/A,
1164,CGN MINING,N/A,1164.HK,N,N,N/A,
1167,JACOBIO-B,N/A,1167.HK,N,N,N/A,
1171,YANKUANG ENERGY,N/A,1171.HK,N,N,N/A,
1177,SBP GROUP,N/A,1177.HK,N,N,N/A,
1179,HWORLD-S,N/A,1179.HK,N,N,N/A,
1186,CHINA RAIL CONS,N/A,1186.HK,N,N,N/A,
1187,COFOE MEDICAL,N/A,1187.HK,N,N,N/A,
1193,CHINA RES GAS,N/A,1193.HK,N,N,N/A,
1196,REALORD GROUP,N/A,1196.HK,N,N,N/A,
1200,MIDLAND HOLDING,N/A,1200.HK,N,N,N/A,
1208,MMG,N/A,1208.HK,N,N,N/A,
1209,CHINA RES MIXC,N/A,1209.HK,N,N,N/A,
1211,BYD COMPANY,HSI,1211.HK,Y,Y,BOTH,
1258,CHINFMINING,N/A,1258.HK,N,N,N/A,
1276,HENGRUI PHARMA,N/A,1276.HK,N,N,N/A,
1277,KINETIC DEV,N/A,1277.HK,N,N,N/A,
1282,RENZE HARVEST,N/A,1282.HK,N,N,N/A,
1286,IMPRO PRECISION,N/A,1286.HK,N,N,N/A,
1288,ABC,HSI,1288.HK,Y,Y,BOTH,
1299,AIA,HSI,1299.HK,Y,N,HSI,
1300,TRIGIANT,N/A,1300.HK,N,N,N/A,
1302,LIFETECH SCI,N/A,1302.HK,N,N,N/A,
1304,FORTIOR,N/A,1304.HK,N,N,N/A,
1308,SITC,N/A,1308.HK,N,N,N/A,
1310,HKBN,N/A,1310.HK,N,N,N/A,
1313,CR BLDG MAT TEC,N/A,1313.HK,N,N,N/A,
1316,NEXTEER,N/A,1316.HK,N,N,N/A,
1318,MAO GEPING,N/A,1318.HK,N,N,N/A,
1333,BRETON,N/A,1333.HK,N,N,N/A,
1336,NCI,N/A,1336.HK,N,N,N/A,
1339,PICC GROUP,N/A,1339.HK,N,N,N/A,
1347,HUA HONG SEMI,N/A,1347.HK,N,N,N/A,
1357,MEITU,N/A,1357.HK,N,N,N/A,
1359,CHINA CINDA,N/A,1359.HK,N,N,N/A,
1361,361 DEGREES,N/A,1361.HK,N,N,N/A,
1364,GUMING,N/A,1364.HK,N,N,N/A,
1368,XTEP INT'L,N/A,1368.HK,N,N,N/A,
1375,CC SECURITIES,N/A,1375.HK,N,N,N/A,
1378,CHINAHONGQIAO,HSI,1378.HK,Y,Y,BOTH,
1384,DEEPEXI TECH,N/A,1384.HK,N,N,N/A,
1385,SHANGHAI FUDAN,N/A,1385.HK,N,N,N/A,
1396,GD-HKGBA HLDGS,N/A,1396.HK,N,N,N/A,
1398,ICBC,HSI,1398.HK,Y,Y,BOTH,
1405,DPC DASH,N/A,1405.HK,N,N,N/A,
1415,COWELL,N/A,1415.HK,N,N,N/A,
1428,BRIGHT SMART,N/A,1428.HK,N,N,N/A,
1440,STAR SHINE HLDG,N/A,1440.HK,N,N,N/A,
1456,GLMS SEC,N/A,1456.HK,N,N,N/A,
1478,Q TECH,N/A,1478.HK,N,N,N/A,
1508,CHINA RE,N/A,1508.HK,N,N,N/A,
1513,LIVZON PHARMA,N/A,1513.HK,N,N,N/A,
1519,J&T EXPRESS-W,N/A,1519.HK,N,N,N/A,
1523,PLOVER BAY TECH,N/A,1523.HK,N,N,N/A,
1528,RS MACALLINE,N/A,1528.HK,N,N,N/A,
1530,3SBIO,N/A,1530.HK,N,N,N/A,
1548,GENSCRIPT BIO,N/A,1548.HK,N,N,N/A,
1579,YIHAI INTL,N/A,1579.HK,N,N,N/A,
1585,YADEA,N/A,1585.HK,N,N,N/A,
1606,CDB LEASING,N/A,1606.HK,N,N,N/A,
1609,STAR SPORTS MED,N/A,1609.HK,N,N,N/A,
1610,COFCO JOYCOME,N/A,1610.HK,N,N,N/A,
1617,NANFANG COMM,N/A,1617.HK,N,N,N/A,
1618,MCC,N/A,1618.HK,N,N,N/A,
1626,JIA YAO HLDGS,N/A,1626.HK,N,N,N/A,
1635,DZUG,N/A,1635.HK,N,N,N/A,
1645,HAINA INTEL,N/A,1645.HK,N,N,N/A,
1651,TSUGAMI CHINA,N/A,1651.HK,N,N,N/A,
1658,PSBC,HSI,1658.HK,Y,Y,BOTH,
1672,ASCLETIS-B,N/A,1672.HK,N,N,N/A,
1675,ASIAINFO TECH,N/A,1675.HK,N,N,N/A,
1681,CONSUN PHARMA,N/A,1681.HK,N,N,N/A,
1686,SUNEVISION,N/A,1686.HK,N,N,N/A,
1698,TME-SW,N/A,1698.HK,N,N,N/A,
1709,DL HOLDINGS GP,N/A,1709.HK,N,N,N/A,
1712,DRAGON MINING,N/A,1712.HK,N,N,N/A,
1716,MOST KWAI CHUNG,N/A,1716.HK,N,N,N/A,
1720,PUTIAN COMM,N/A,1720.HK,N,N,N/A,
1729,TIME INTERCON,N/A,1729.HK,N,N,N/A,
1735,CENTRAL NEW EGY,N/A,1735.HK,N,N,N/A,
1757,GLOBAL CHI BC,N/A,1757.HK,N,N,N/A,
1762,WANKA ONLINE,N/A,1762.HK,N,N,N/A,
1766,CRRC,N/A,1766.HK,N,N,N/A,
1768,BUSYMING,N/A,1768.HK,N,N,N/A,
1772,GANFENGLITHIUM,N/A,1772.HK,N,N,N/A,
1773,TIANLI INT HLDG,N/A,1773.HK,N,N,N/A,
1776,GF SEC,N/A,1776.HK,N,N,N/A,
1780,RONGZUN INT'L H,N/A,1780.HK,N,N,N/A,
1783,ENVISION GREEN,N/A,1783.HK,N,N,N/A,
1787,SD GOLD,N/A,1787.HK,N,N,N/A,
1788,GUOTAI JUNAN I,N/A,1788.HK,N,N,N/A,
1789,AK MEDICAL,N/A,1789.HK,N,N,N/A,
1797,EAST BUY,N/A,1797.HK,N,N,N/A,
1798,DATANG RENEW,N/A,1798.HK,N,N,N/A,
1799,XINTE ENERGY,N/A,1799.HK,N,N,N/A,
1800,CHINA COMM CONS,N/A,1800.HK,N,N,N/A,
1801,INNOVENT BIO,HSI,1801.HK,Y,Y,BOTH,
1810,XIAOMI-W,HSI,1810.HK,Y,Y,BOTH,
1811,CGN NEW ENERGY,N/A,1811.HK,N,N,N/A,
1815,EVEREST GOLD,N/A,1815.HK,N,N,N/A,
1816,CGN POWER,N/A,1816.HK,N,N,N/A,
1818,ZHAOJIN MINING,N/A,1818.HK,N,N,N/A,
1833,PA GOODDOCTOR,N/A,1833.HK,N,N,N/A,
1836,STELLA HOLDINGS,N/A,1836.HK,N,N,N/A,
1851,GINGKO EDU,N/A,1851.HK,N,N,N/A,
1858,CHUNLI MEDICAL,N/A,1858.HK,N,N,N/A,
1860,MOBVISTA,N/A,1860.HK,N,N,N/A,
1866,CHINA XLX FERT,N/A,1866.HK,N,N,N/A,
1873,VIVA BIOTECH,N/A,1873.HK,N,N,N/A,
1875,BIODLINK-B,N/A,1875.HK,N,N,N/A,
1876,BUD APAC,N/A,1876.HK,N,N,N/A,
1877,JUNSHI BIO,N/A,1877.HK,N,N,N/A,
1879,XIZHI TECH-P,N/A,1879.HK,N,N,N/A,
1880,CTG DUTY-FREE,N/A,1880.HK,N,N,N/A,
1882,HAITIAN INT'L,N/A,1882.HK,N,N,N/A,
1888,KB LAMINATES,N/A,1888.HK,N,N,N/A,
1896,MAOYAN ENT,N/A,1896.HK,N,N,N/A,
1898,CHINA COAL,N/A,1898.HK,N,N,N/A,
1907,CHINA RISUN GP,N/A,1907.HK,N,N,N/A,
1908,C&D INTL GROUP,N/A,1908.HK,N,N,N/A,
1910,SAMSONITE,N/A,1910.HK,N,N,N/A,
1913,PRADA,N/A,1913.HK,N,N,N/A,
1918,SUNAC,N/A,1918.HK,N,N,N/A,
1919,COSCO SHIP HOLD,N/A,1919.HK,N,N,N/A,
1921,DALIPAL HLDG,N/A,1921.HK,N,N,N/A,
1928,SANDS CHINA LTD,HSI,1928.HK,Y,N,HSI,
1929,CHOW TAI FOOK,N/A,1929.HK,N,N,N/A,
1951,JXR,N/A,1951.HK,N,N,N/A,
1952,EVEREST MED,N/A,1952.HK,N,N,N/A,
1953,RIMBACO,N/A,1953.HK,N,N,N/A,
1963,BCQ,N/A,1963.HK,N,N,N/A,
1972,SWIREPROPERTIES,HSI,1972.HK,Y,N,HSI,
1988,MINSHENG BANK,N/A,1988.HK,N,N,N/A,
1989,DELTON,N/A,1989.HK,N,N,N/A,
1997,WHARF REIC,N/A,1997.HK,N,N,N/A,
1999,MAN WAH HLDGS,N/A,1999.HK,N,N,N/A,
2007,COUNTRY GARDEN,N/A,2007.HK,N,N,N/A,
2013,WEIMOB INC,N/A,2013.HK,N,N,N/A,
2015,LI AUTO-W,HSI,2015.HK,Y,Y,BOTH,
2016,CZBANK,N/A,2016.HK,N,N,N/A,
2018,AAC TECH,N/A,2018.HK,N,N,N/A,
2020,ANTA SPORTS,HSI,2020.HK,Y,Y,BOTH,
2026,PONY-W,N/A,2026.HK,N,N,N/A,
2038,FIH,N/A,2038.HK,N,N,N/A,
2039,CIMC,N/A,2039.HK,N,N,N/A,
2050,SANHUA,N/A,2050.HK,N,N,N/A,
2057,ZTO EXPRESS-W,HSI,2057.HK,Y,Y,BOTH,
2096,SIMCERE PHARMA,N/A,2096.HK,N,N,N/A,
2097,MIXUE GROUP,N/A,2097.HK,N,N,N/A,
2099,CHINAGOLDINTL,N/A,2099.HK,N,N,N/A,
2105,LAEKNA-B,N/A,2105.HK,N,N,N/A,
2128,CHINA LESSO,N/A,2128.HK,N,N,N/A,
2142,HBM HOLDINGS-B,N/A,2142.HK,N,N,N/A,
2145,CHICMAX,N/A,2145.HK,N,N,N/A,
2155,MORIMATSU INTL,N/A,2155.HK,N,N,N/A,
2157,LEPU BIO,N/A,2157.HK,N,N,N/A,
2158,YIDU TECH,N/A,2158.HK,N,N,N/A,
2162,KEYMED BIO-B,N/A,2162.HK,N,N,N/A,
2166,SMART-CORE,N/A,2166.HK,N,N,N/A,
2171,CARSGEN-B,N/A,2171.HK,N,N,N/A,
2172,MICROPORT NEURO,N/A,2172.HK,N,N,N/A,
2186,LUYE PHARMA,N/A,2186.HK,N,N,N/A,
2190,ZYLOXTB,N/A,2190.HK,N,N,N/A,
2192,MEDLIVE,N/A,2192.HK,N,N,N/A,
2196,FOSUN PHARMA,N/A,2196.HK,N,N,N/A,
2197,CLOVER BIO-B,N/A,2197.HK,N,N,N/A,
2198,CHINA SANJIANG,N/A,2198.HK,N,N,N/A,
2202,CHINA VANKE,HSI,2202.HK,Y,N,HSI,
2208,GOLDWIND,N/A,2208.HK,N,N,N/A,
2225,JINHAI MED TECH,N/A,2225.HK,N,N,N/A,
2228,XTALPI,N/A,2228.HK,N,N,N/A,
2232,CRYSTAL INTL,N/A,2232.HK,N,N,N/A,
2233,WESTCHINACEMENT,N/A,2233.HK,N,N,N/A,
2238,GAC GROUP,N/A,2238.HK,N,N,N/A,
2245,LYGEND RESOURCE,N/A,2245.HK,N,N,N/A,
2252,MEDBOT-B,N/A,2252.HK,N,N,N/A,
2255,HAICHANG HLDG,N/A,2255.HK,N,N,N/A,
2256,ABBISKO-B,N/A,2256.HK,N,N,N/A,
2259,ZIJIN GOLD INTL,HSI,2259.HK,Y,N,HSI,
2268,WUXI XDC,N/A,2268.HK,N,N,N/A,
2269,WUXI BIO,HSI,2269.HK,Y,N,HSI,
2273,GUSHENGTANG,N/A,2273.HK,N,N,N/A,
2276,CONANT OPTICAL,N/A,2276.HK,N,N,N/A,
2282,MGM CHINA,N/A,2282.HK,N,N,N/A,
2291,SCIENTECH,N/A,2291.HK,N,N,N/A,
2302,CNNC INT'L,N/A,2302.HK,N,N,N/A,
2313,SHENZHOU INTL,HSI,2313.HK,Y,Y,BOTH,
2315,BIOCYTOGEN-B,N/A,2315.HK,N,N,N/A,
2318,PING AN,HSI,2318.HK,Y,Y,BOTH,
2319,MENGNIU DAIRY,HSI,2319.HK,Y,Y,BOTH,
2328,PICC P&C,HSI,2328.HK,Y,Y,BOTH,
2331,LI NING,N/A,2331.HK,N,N,N/A,
2333,GWMOTOR,N/A,2333.HK,N,N,N/A,
2338,WEICHAI POWER,N/A,2338.HK,N,N,N/A,
2339,BWI INT'L,N/A,2339.HK,N,N,N/A,
2342,COMBA,N/A,2342.HK,N,N,N/A,
2343,PACIFIC BASIN,N/A,2343.HK,N,N,N/A,
2355,BAOYE GROUP,N/A,2355.HK,N,N,N/A,
2356,DAHSING BANKING,N/A,2356.HK,N,N,N/A,
2357,AVICHINA,N/A,2357.HK,N,N,N/A,
2359,WUXI APPTEC,HSI,2359.HK,Y,N,HSI,
2367,GIANT BIOGENE,N/A,2367.HK,N,N,N/A,
2378,PRU,N/A,2378.HK,N,N,N/A,
2380,CHINA POWER,N/A,2380.HK,N,N,N/A,
2382,SUNNY OPTICAL,HSI,2382.HK,Y,Y,BOTH,
2386,SINOPEC SEG,N/A,2386.HK,N,N,N/A,
2388,BOC HONG KONG,HSI,2388.HK,Y,N,HSI,
2400,XD INC,N/A,2400.HK,N,N,N/A,
2402,SINOHYTEC,N/A,2402.HK,N,N,N/A,
2410,TYK MEDICINES-B,N/A,2410.HK,N,N,N/A,
2419,DEKON AGR,N/A,2419.HK,N,N,N/A,
2423,BEKE-W,HSI,2423.HK,Y,N,HSI,
2431,MINIEYE,N/A,2431.HK,N,N,N/A,
2432,DOBOT,N/A,2432.HK,N,N,N/A,
2436,LX TECHNOLOGY,N/A,2436.HK,N,N,N/A,
2442,EASY SMART GP,N/A,2442.HK,N,N,N/A,
2460,CR BEVERAGE,N/A,2460.HK,N,N,N/A,
2465,LOPAL TECH,N/A,2465.HK,N,N,N/A,
2473,XXF,N/A,2473.HK,N,N,N/A,
2476,VGT,N/A,2476.HK,N,N,N/A,
2477,WELLCELL H-NEW,N/A,2477.HK,N,N,N/A,
2488,LAUNCH TECH,N/A,2488.HK,N,N,N/A,
2493,MABWELL-B,N/A,2493.HK,N,N,N/A,
2498,ROBOSENSE,N/A,2498.HK,N,N,N/A,
2507,CIRRUS,N/A,2507.HK,N,N,N/A,
2509,QYUNS-B,N/A,2509.HK,N,N,N/A,
2510,TS LINES,N/A,2510.HK,N,N,N/A,
2513,KNOWLEDGE ATLAS,N/A,2513.HK,N,N,N/A,
2517,GUOQUAN,N/A,2517.HK,N,N,N/A,
2522,RIMAG GROUP,N/A,2522.HK,N,N,N/A,
2525,HESAI-W,N/A,2525.HK,N,N,N/A,
2526,DIAGENS-B,N/A,2526.HK,N,N,N/A,
2533,BLACK SESAME,N/A,2533.HK,N,N,N/A,
2546,ZHIHUI MINING,N/A,2546.HK,N,N,N/A,
2552,HUA MEDICINE-B,N/A,2552.HK,N,N,N/A,
2555,CHABAIDAO,N/A,2555.HK,N,N,N/A,
2556,MARKETINGFORCE,N/A,2556.HK,N,N,N/A,
2562,SYNAGISTICS,N/A,2562.HK,N,N,N/A,
2567,QINIU,N/A,2567.HK,N,N,N/A,
2570,REFIRE,N/A,2570.HK,N,N,N/A,
2575,XUANZHUBIO-B,N/A,2575.HK,N,N,N/A,
2577,INNOSCIENCE,N/A,2577.HK,N,N,N/A,
2579,CNGR,N/A,2579.HK,N,N,N/A,
2580,AUX ELECTRIC,N/A,2580.HK,N,N,N/A,
2582,GUOFUHEE,N/A,2582.HK,N,N,N/A,
2586,DMALL,N/A,2586.HK,N,N,N/A,
2587,HEALTHYWAY INC,N/A,2587.HK,N,N,N/A,
2588,BOC AVIATION,N/A,2588.HK,N,N,N/A,
2589,AUNTEA JENNY,N/A,2589.HK,N,N,N/A,
2590,GEEKPLUS-W,N/A,2590.HK,N,N,N/A,
2591,INNOGEN-B,N/A,2591.HK,N,N,N/A,
2595,GENFLEET-B,N/A,2595.HK,N,N,N/A,
2600,CHALCO,N/A,2600.HK,N,N,N/A,
2601,CPIC,N/A,2601.HK,N,N,N/A,
2602,ONEWO,N/A,2602.HK,N,N,N/A,
2603,JIHONG CO,N/A,2603.HK,N,N,N/A,
2607,SH PHARMA,N/A,2607.HK,N,N,N/A,
2609,BAYZED HEALTH,N/A,2609.HK,N,N,N/A,
2610,NANSHAN AL INTL,N/A,2610.HK,N,N,N/A,
2611,GTHT,N/A,2611.HK,N,N,N/A,
2616,CSTONE PHARMA-B,N/A,2616.HK,N,N,N/A,
2617,TRANSTHERA-B,N/A,2617.HK,N,N,N/A,
2618,JD LOGISTICS,N/A,2618.HK,N,N,N/A,
2628,CHINA LIFE,HSI,2628.HK,Y,Y,BOTH,
2631,SICC,N/A,2631.HK,N,N,N/A,
2635,NUOBIKAN,N/A,2635.HK,N,N,N/A,
2637,HAIXI PHARMA,N/A,2637.HK,N,N,N/A,
2638,HKELECTRIC-SS,N/A,2638.HK,N,N,N/A,
2643,CAOCAO INC,N/A,2643.HK,N,N,N/A,
2648,ANJOY FOOD,N/A,2648.HK,N,N,N/A,
2650,ZHIDA TECH,N/A,2650.HK,N,N,N/A,
2652,CF PHARMTECH,N/A,2652.HK,N,N,N/A,
2655,GUOXIA TECH,N/A,2655.HK,N,N,N/A,
2656,160 HEALTH,N/A,2656.HK,N,N,N/A,
2658,TIANYU SEMI,N/A,2658.HK,N,N,N/A,
2659,BAO PHARMA-B,N/A,2659.HK,N,N,N/A,
2661,QINGSONG HEALTH,N/A,2661.HK,N,N,N/A,
2665,SEYOND,N/A,2665.HK,N,N,N/A,
2666,UNI MEDICAL,N/A,2666.HK,N,N,N/A,
2669,CHINA OVS PPT,N/A,2669.HK,N,N,N/A,
2676,NOVOSENSE,N/A,2676.HK,N,N,N/A,
2685,QUANTGROUP,N/A,2685.HK,N,N,N/A,
2687,ABLE DIGITAL,N/A,2687.HK,N,N,N/A,
2688,ENN ENERGY,N/A,2688.HK,N,N,N/A,
2689,ND PAPER,N/A,2689.HK,N,N,N/A,
2692,ZHAOWEI,N/A,2692.HK,N,N,N/A,
2696,HENLIUS,N/A,2696.HK,N,N,N/A,
2698,SOFTCARE,N/A,2698.HK,N,N,N/A,
2701,NSING TECH,N/A,2701.HK,N,N,N/A,
2706,HAIZHI TECH GP,N/A,2706.HK,N,N,N/A,
2714,MUYUAN,N/A,2714.HK,N,N,N/A,
2715,ESTUN,N/A,2715.HK,N,N,N/A,
2718,MININGLAMP-W,N/A,2718.HK,N,N,N/A,
2722,CHONGQING M&E,N/A,2722.HK,N,N,N/A,
2726,EPIWORLD,N/A,2726.HK,N,N,N/A,
2727,SH ELECTRIC,N/A,2727.HK,N,N,N/A,
2729,GALAXIS TECH,N/A,2729.HK,N,N,N/A,
2768,GON TECHNOLOGY,N/A,2768.HK,N,N,N/A,
2788,CHUANGXIN IND,N/A,2788.HK,N,N,N/A,
2799,CITIC FAMC,N/A,2799.HK,N,N,N/A,
2858,YIXIN,N/A,2858.HK,N,N,N/A,
2865,DRINDA,N/A,2865.HK,N,N,N/A,
2866,COSCO SHIP DEV,N/A,2866.HK,N,N,N/A,
2869,GREENTOWN SER,N/A,2869.HK,N,N,N/A,
2883,CHINA OILFIELD,N/A,2883.HK,N,N,N/A,
2888,STANCHART,N/A,2888.HK,N,N,N/A,
2889,PATEO,N/A,2889.HK,N,N,N/A,
2899,ZIJIN MINING,HSI,2899.HK,Y,Y,BOTH,
2940,WELLCELL H-OLD,N/A,2940.HK,N,N,N/A,
3200,HANS CNC,N/A,3200.HK,N,N,N/A,
3268,MEIG,N/A,3268.HK,N,N,N/A,
3277,GPIXEL,N/A,3277.HK,N,N,N/A,
3288,HAITIAN FLAV,N/A,3288.HK,N,N,N/A,
3296,HUAQIN,N/A,3296.HK,N,N,N/A,
3306,JNBY,N/A,3306.HK,N,N,N/A,
3311,CHINA STATE CON,N/A,3311.HK,N,N,N/A,
3316,BINJIANG SER,N/A,3316.HK,N,N,N/A,
3317,XUNCE,N/A,3317.HK,N,N,N/A,
3319,A-LIVING,N/A,3319.HK,N,N,N/A,
3320,CHINARES PHARMA,N/A,3320.HK,N,N,N/A,
3323,CNBM,N/A,3323.HK,N,N,N/A,
3328,BANKCOMM,HSI,3328.HK,Y,Y,BOTH,
3330,LINGBAO GOLD,N/A,3330.HK,N,N,N/A,
3337,ANTON OILFIELD,N/A,3337.HK,N,N,N/A,
3339,LONKING,N/A,3339.HK,N,N,N/A,
3347,TIGERMED,N/A,3347.HK,N,N,N/A,
3355,FS.COM,N/A,3355.HK,N,N,N/A,
3360,FE HORIZON,N/A,3360.HK,N,N,N/A,
3393,WASION HOLDINGS,N/A,3393.HK,N,N,N/A,
3396,LEGENDHOLDING,N/A,3396.HK,N,N,N/A,
3606,FUYAO GLASS,N/A,3606.HK,N,N,N/A,
3613,TONGRENTANGCM,N/A,3613.HK,N,N,N/A,
3618,CQRC BANK,N/A,3618.HK,N,N,N/A,
3625,FOURSEMI,N/A,3625.HK,N,N,N/A,
3668,YANCOAL AUS,N/A,3668.HK,N,N,N/A,
3677,ZENERGY,N/A,3677.HK,N,N,N/A,
3678,HOLLY FUTURES,N/A,3678.HK,N,N,N/A,
3690,MEITUAN-W,HSI,3690.HK,Y,Y,BOTH,
3692,HANSOH PHARMA,N/A,3692.HK,N,N,N/A,
3696,INSILICO,N/A,3696.HK,N,N,N/A,
3698,HUISHANG BANK,N/A,3698.HK,N,N,N/A,
3738,VOBILE GROUP,N/A,3738.HK,N,N,N/A,
3750,CATL,HSI,3750.HK,Y,N,HSI,
3759,PHARMARON,N/A,3759.HK,N,N,N/A,
3788,HANKING GOLD,N/A,3788.HK,N,N,N/A,
3800,GCL TECH,N/A,3800.HK,N,N,N/A,
3808,SINOTRUK,N/A,3808.HK,N,N,N/A,
3816,KFM KINGDOM,N/A,3816.HK,N,N,N/A,
3833,XINXIN MINING,N/A,3833.HK,N,N,N/A,
3858,JIAXIN INTL RES,N/A,3858.HK,N,N,N/A,
3866,BQD,N/A,3866.HK,N,N,N/A,
3877,CSSC SHIPPING,N/A,3877.HK,N,N,N/A,
3881,CIDI,N/A,3881.HK,N,N,N/A,
3888,KINGSOFT,N/A,3888.HK,N,N,N/A,
3896,KINGSOFT CLOUD,N/A,3896.HK,N,N,N/A,
3898,TIMES ELECTRIC,N/A,3898.HK,N,N,N/A,
3899,CIMC ENRIC,N/A,3899.HK,N,N,N/A,
3900,GREENTOWN CHINA,N/A,3900.HK,N,N,N/A,
3908,CICC,N/A,3908.HK,N,N,N/A,
3918,NAGACORP,N/A,3918.HK,N,N,N/A,
3931,CALB,N/A,3931.HK,N,N,N/A,
3933,UNITED LAB,N/A,3933.HK,N,N,N/A,
3939,WANGUO GOLD GP,N/A,3939.HK,N,N,N/A,
3958,DFZQ,N/A,3958.HK,N,N,N/A,
3968,CM BANK,HSI,3968.HK,Y,Y,BOTH,
3986,GIGADEVICE,N/A,3986.HK,N,N,N/A,
3988,BANK OF CHINA,HSI,3988.HK,Y,Y,BOTH,
3993,CMOC,N/A,3993.HK,N,N,N/A,
3996,CH ENERGY ENG,N/A,3996.HK,N,N,N/A,
3998,BOSIDENG,N/A,3998.HK,N,N,N/A,
6030,CITIC SEC,N/A,6030.HK,N,N,N/A,
6031,SANY HEAVY IND,N/A,6031.HK,N,N,N/A,
6049,POLY PPT SER,N/A,6049.HK,N,N,N/A,
6051,YOUZAN,N/A,6051.HK,N,N,N/A,
6055,CTIHK,N/A,6055.HK,N,N,N/A,
6060,ZA ONLINE,N/A,6060.HK,N,N,N/A,
6066,CSC,N/A,6066.HK,N,N,N/A,
6069,SY HOLDINGS,N/A,6069.HK,N,N,N/A,
6078,HYGEIA HEALTH,N/A,6078.HK,N,N,N/A,
6082,BIREN TECH,N/A,6082.HK,N,N,N/A,
6088,FIT HON TENG,N/A,6088.HK,N,N,N/A,
6090,BUTONG GROUP,N/A,6090.HK,N,N,N/A,
6098,CG SERVICES,N/A,6098.HK,N,N,N/A,
6099,CMSC,N/A,6099.HK,N,N,N/A,
6127,JOINN,N/A,6127.HK,N,N,N/A,
6160,BEONE MEDICINES,HSI,6160.HK,Y,Y,BOTH,
6166,CIG,N/A,6166.HK,N,N,N/A,
6168,ZHOU LIU FU,N/A,6168.HK,N,N,N/A,
6178,EB SECURITIES,N/A,6178.HK,N,N,N/A,
6181,LAOPU GOLD,N/A,6181.HK,N,N,N/A,
6185,CANSINOBIO,N/A,6185.HK,N,N,N/A,
6186,CHINA FEIHE,N/A,6186.HK,N,N,N/A,
6196,BANKOFZHENGZHOU,N/A,6196.HK,N,N,N/A,
6198,QINGDAO PORT,N/A,6198.HK,N,N,N/A,
6600,ONEROBOTICS,N/A,6600.HK,N,N,N/A,
6603,IFBH,N/A,6603.HK,N,N,N/A,
6613,LENS,N/A,6613.HK,N,N,N/A,
6618,JD HEALTH,HSI,6618.HK,Y,Y,BOTH,
6636,EXTREME VISION,N/A,6636.HK,N,N,N/A,
6651,51WORLD,N/A,6651.HK,N,N,N/A,
6655,HX BLDG MAT,N/A,6655.HK,N,N,N/A,
6656,SIGENERGY,N/A,6656.HK,N,N,N/A,
6660,AIM VACCINE,N/A,6660.HK,N,N,N/A,
6666,EVERG SERVICES,N/A,6666.HK,N,N,N/A,
6680,JLMAG,N/A,6680.HK,N,N,N/A,
6681,BRAINAURORA-B,N/A,6681.HK,N,N,N/A,
6682,PHANCY,N/A,6682.HK,N,N,N/A,
6683,STARPLUS LEGEND,N/A,6683.HK,N,N,N/A,
6687,JST GROUP,N/A,6687.HK,N,N,N/A,
6690,HAIER SMARTHOME,HSI,6690.HK,Y,Y,BOTH,
6693,CHIFENG GOLD,N/A,6693.HK,N,N,N/A,
6699,ANGELALIGN,N/A,6699.HK,N,N,N/A,
6806,SWHY,N/A,6806.HK,N,N,N/A,
6809,MONTAGE TECH,N/A,6809.HK,N,N,N/A,
6810,SUNMI TECH-W,N/A,6810.HK,N,N,N/A,
6818,CEB BANK,N/A,6818.HK,N,N,N/A,
6821,ASYMCHEM,N/A,6821.HK,N,N,N/A,
6823,HKT-SS,N/A,6823.HK,N,N,N/A,
6831,GREEN TEA GROUP,N/A,6831.HK,N,N,N/A,
6855,ASCENTAGE-B,N/A,6855.HK,N,N,N/A,
6862,HAIDILAO,N/A,6862.HK,N,N,N/A,
6865,FLAT GLASS,N/A,6865.HK,N,N,N/A,
6869,YOFC,N/A,6869.HK,N,N,N/A,
6881,CGS,N/A,6881.HK,N,N,N/A,
6886,HTSC,N/A,6886.HK,N,N,N/A,
6887,SUNSHINE PHARMA,N/A,6887.HK,N,N,N/A,
6936,SF HOLDING,N/A,6936.HK,N,N,N/A,
6938,RIBOLIFE-B,N/A,6938.HK,N,N,N/A,
6960,SHUANGDENG,N/A,6960.HK,N,N,N/A,
6963,SUNSHINE INS,N/A,6963.HK,N,N,N/A,
6969,SMOORE INTL,N/A,6969.HK,N,N,N/A,
6979,ZJLD,N/A,6979.HK,N,N,N/A,
6990,SKB BIO,N/A,6990.HK,N,N,N/A,
6996,ANTENGENE-B,N/A,6996.HK,N,N,N/A,
7489,VOYAH AUTO,N/A,7489.HK,N,N,N/A,
9606,DUALITYBIO-B,N/A,9606.HK,N,N,N/A,
9611,LONGCHEER,N/A,9611.HK,N,N,N/A,
9618,JD-SW,HSI,9618.HK,Y,Y,BOTH,
9626,BILIBILI-W,N/A,9626.HK,N,N,N/A,
9633,NONGFU SPRING,HSI,9633.HK,Y,Y,BOTH,
9636,JF SMARTINVEST,N/A,9636.HK,N,N,N/A,
9660,HORIZONROBOT-W,HSI,9660.HK,Y,N,HSI,
9668,CBHB,N/A,9668.HK,N,N,N/A,
9678,UNISOUND,N/A,9678.HK,N,N,N/A,
9688,ZAI LAB,N/A,9688.HK,N,N,N/A,
9696,TIANQI LITHIUM,N/A,9696.HK,N,N,N/A,
9698,GDS-SW,N/A,9698.HK,N,N,N/A,
9699,SF INTRA-CITY,N/A,9699.HK,N,N,N/A,
9858,YOURAN DAIRY,N/A,9858.HK,N,N,N/A,
9863,LEAPMOTOR,N/A,9863.HK,N,N,N/A,
9866,NIO-SW,N/A,9866.HK,N,N,N/A,
9868,XPENG-W,HSI,9868.HK,Y,Y,BOTH,
9880,UBTECH ROBOTICS,N/A,9880.HK,N,N,N/A,
9887,LEADS BIOLABS-B,N/A,9887.HK,N,N,N/A,
9888,BIDU-SW,HSI,9888.HK,Y,Y,BOTH,
9890,TANWAN,N/A,9890.HK,N,N,N/A,
9896,MNSO,N/A,9896.HK,N,N,N/A,
9899,NETEASE MUSIC,N/A,9899.HK,N,N,N/A,
9901,NEW ORIENTAL-S,HSI,9901.HK,Y,N,HSI,
9903,ILUVATAR COREX,N/A,9903.HK,N,N,N/A,
9911,NEWBORNTOWN,N/A,9911.HK,N,N,N/A,
9926,AKESO,N/A,9926.HK,N,N,N/A,
9927,SERES,N/A,9927.HK,N,N,N/A,
9936,XIMEI RES-500,N/A,9936.HK,N,N,N/A,
9959,LINKLOGIS-W,N/A,9959.HK,N,N,N/A,
9961,TRIP.COM-S,HSI,9961.HK,Y,Y,BOTH,
9963,TRANSTECH,N/A,9963.HK,N,N,N/A,
9966,ALPHAMAB-B,N/A,9966.HK,N,N,N/A,
9969,INNOCARE,N/A,9969.HK,N,N,N/A,
9973,CHERY AUTO,N/A,9973.HK,N,N,N/A,
9980,EASTROC,N/A,9980.HK,N,N,N/A,
9981,WOER,N/A,9981.HK,N,N,N/A,
9982,CENTRALCHINA MT,N/A,9982.HK,N,N,N/A,
9985,WL DELICIOUS,N/A,9985.HK,N,N,N/A,
9987,YUM CHINA,N/A,9987.HK,N,Y,HSCEI,
9988,BABA-W,HSI,9988.HK,Y,Y,BOTH,
9990,ARCHOSAUR GAMES,N/A,9990.HK,N,N,N/A,
9992,POP MART,HSI,9992.HK,Y,Y,BOTH,
9993,RADIANCE HLDGS,N/A,9993.HK,N,N,N/A,
9995,REMEGEN,N/A,9995.HK,N,N,N/A,
9999,NTES-S,HSI,9999.HK,Y,Y,BOTH,
